file,index,role,before_text,before_href,after_text,after_href,status
course/jm-a1-1.html,1,primary CTA,Finish My Registration,https://www.frenchatelierlive.com/pricing.html?utm_source=activecampaign&utm_medium=email&utm_campaign=fa_abandoned_cart_name_details&utm_content=jm-a1-1,Choose My Level,https://www.frenchatelierlive.com/pricing.html?utm_source=activecampaign&utm_medium=email&utm_campaign=fa_abandoned_cart_name_details&utm_content=jm-a1-1#enroll-online,revised
course/jm-a1-1.html,2,primary CTA,Finish My Registration,https://www.frenchatelierlive.com/pricing.html?utm_source=activecampaign&utm_medium=email&utm_campaign=fa_abandoned_cart_name_details&utm_content=jm-a1-1,Choose My Level,https://www.frenchatelierlive.com/pricing.html?utm_source=activecampaign&utm_medium=email&utm_campaign=fa_abandoned_cart_name_details&utm_content=jm-a1-1#enroll-online,revised
course/jm-a1-1.html,3,footer,Unsubscribe,%UNSUBSCRIBELINK%,Unsubscribe,%UNSUBSCRIBELINK%,unchanged
course/jm-a1-1.html,4,footer,Update preferences,%UPDATELINK%,Update preferences,%UPDATELINK%,unchanged
course/jm-a1-1.html,5,footer,Privacy,https://www.frenchatelierlive.com/privacy.html,Privacy,https://www.frenchatelierlive.com/privacy.html,unchanged
course/jm-a1-2.html,1,primary CTA,Take My Seat,https://www.frenchatelierlive.com/pricing.html?utm_source=activecampaign&utm_medium=email&utm_campaign=fa_abandoned_cart_name_details&utm_content=jm-a1-2,Choose My Level,https://www.frenchatelierlive.com/pricing.html?utm_source=activecampaign&utm_medium=email&utm_campaign=fa_abandoned_cart_name_details&utm_content=jm-a1-2#enroll-online,revised
course/jm-a1-2.html,2,primary CTA,Take My Seat,https://www.frenchatelierlive.com/pricing.html?utm_source=activecampaign&utm_medium=email&utm_campaign=fa_abandoned_cart_name_details&utm_content=jm-a1-2,Choose My Level,https://www.frenchatelierlive.com/pricing.html?utm_source=activecampaign&utm_medium=email&utm_campaign=fa_abandoned_cart_name_details&utm_content=jm-a1-2#enroll-online,revised
course/jm-a1-2.html,3,footer,Unsubscribe,%UNSUBSCRIBELINK%,Unsubscribe,%UNSUBSCRIBELINK%,unchanged
course/jm-a1-2.html,4,footer,Update preferences,%UPDATELINK%,Update preferences,%UPDATELINK%,unchanged
course/jm-a1-2.html,5,footer,Privacy,https://www.frenchatelierlive.com/privacy.html,Privacy,https://www.frenchatelierlive.com/privacy.html,unchanged
course/jm-a1-3.html,1,primary CTA,Complete My Registration,https://www.frenchatelierlive.com/pricing.html?utm_source=activecampaign&utm_medium=email&utm_campaign=fa_abandoned_cart_name_details&utm_content=jm-a1-3,Choose My Level,https://www.frenchatelierlive.com/pricing.html?utm_source=activecampaign&utm_medium=email&utm_campaign=fa_abandoned_cart_name_details&utm_content=jm-a1-3#enroll-online,revised
course/jm-a1-3.html,2,primary CTA,Complete My Registration,https://www.frenchatelierlive.com/pricing.html?utm_source=activecampaign&utm_medium=email&utm_campaign=fa_abandoned_cart_name_details&utm_content=jm-a1-3,Choose My Level,https://www.frenchatelierlive.com/pricing.html?utm_source=activecampaign&utm_medium=email&utm_campaign=fa_abandoned_cart_name_details&utm_content=jm-a1-3#enroll-online,revised
course/jm-a1-3.html,3,footer,Unsubscribe,%UNSUBSCRIBELINK%,Unsubscribe,%UNSUBSCRIBELINK%,unchanged
course/jm-a1-3.html,4,footer,Update preferences,%UPDATELINK%,Update preferences,%UPDATELINK%,unchanged
course/jm-a1-3.html,5,footer,Privacy,https://www.frenchatelierlive.com/privacy.html,Privacy,https://www.frenchatelierlive.com/privacy.html,unchanged
course/jm-a2-1.html,1,primary CTA,Lock In My Date,https://www.frenchatelierlive.com/pricing.html?utm_source=activecampaign&utm_medium=email&utm_campaign=fa_abandoned_cart_course_details&utm_content=jm-a2-1,Finish My Booking,https://www.frenchatelierlive.com/pricing.html?utm_source=activecampaign&utm_medium=email&utm_campaign=fa_abandoned_cart_course_details&utm_content=jm-a2-1#enroll-online,revised
course/jm-a2-1.html,2,primary CTA,Lock In My Date,https://www.frenchatelierlive.com/pricing.html?utm_source=activecampaign&utm_medium=email&utm_campaign=fa_abandoned_cart_course_details&utm_content=jm-a2-1,Finish My Booking,https://www.frenchatelierlive.com/pricing.html?utm_source=activecampaign&utm_medium=email&utm_campaign=fa_abandoned_cart_course_details&utm_content=jm-a2-1#enroll-online,revised
course/jm-a2-1.html,3,footer,Unsubscribe,%UNSUBSCRIBELINK%,Unsubscribe,%UNSUBSCRIBELINK%,unchanged
course/jm-a2-1.html,4,footer,Update preferences,%UPDATELINK%,Update preferences,%UPDATELINK%,unchanged
course/jm-a2-1.html,5,footer,Privacy,https://www.frenchatelierlive.com/privacy.html,Privacy,https://www.frenchatelierlive.com/privacy.html,unchanged
course/jm-a2-2.html,1,primary CTA,Secure My Seat,https://www.frenchatelierlive.com/pricing.html?utm_source=activecampaign&utm_medium=email&utm_campaign=fa_abandoned_cart_course_details&utm_content=jm-a2-2,Finish My Booking,https://www.frenchatelierlive.com/pricing.html?utm_source=activecampaign&utm_medium=email&utm_campaign=fa_abandoned_cart_course_details&utm_content=jm-a2-2#enroll-online,revised
course/jm-a2-2.html,2,primary CTA,Secure My Seat,https://www.frenchatelierlive.com/pricing.html?utm_source=activecampaign&utm_medium=email&utm_campaign=fa_abandoned_cart_course_details&utm_content=jm-a2-2,Finish My Booking,https://www.frenchatelierlive.com/pricing.html?utm_source=activecampaign&utm_medium=email&utm_campaign=fa_abandoned_cart_course_details&utm_content=jm-a2-2#enroll-online,revised
course/jm-a2-2.html,3,footer,Unsubscribe,%UNSUBSCRIBELINK%,Unsubscribe,%UNSUBSCRIBELINK%,unchanged
course/jm-a2-2.html,4,footer,Update preferences,%UPDATELINK%,Update preferences,%UPDATELINK%,unchanged
course/jm-a2-2.html,5,footer,Privacy,https://www.frenchatelierlive.com/privacy.html,Privacy,https://www.frenchatelierlive.com/privacy.html,unchanged
course/jm-a2-3.html,1,primary CTA,Keep My Seat,https://www.frenchatelierlive.com/pricing.html?utm_source=activecampaign&utm_medium=email&utm_campaign=fa_abandoned_cart_course_details&utm_content=jm-a2-3,Finish My Booking,https://www.frenchatelierlive.com/pricing.html?utm_source=activecampaign&utm_medium=email&utm_campaign=fa_abandoned_cart_course_details&utm_content=jm-a2-3#enroll-online,revised
course/jm-a2-3.html,2,primary CTA,Keep My Seat,https://www.frenchatelierlive.com/pricing.html?utm_source=activecampaign&utm_medium=email&utm_campaign=fa_abandoned_cart_course_details&utm_content=jm-a2-3,Finish My Booking,https://www.frenchatelierlive.com/pricing.html?utm_source=activecampaign&utm_medium=email&utm_campaign=fa_abandoned_cart_course_details&utm_content=jm-a2-3#enroll-online,revised
course/jm-a2-3.html,3,footer,Unsubscribe,%UNSUBSCRIBELINK%,Unsubscribe,%UNSUBSCRIBELINK%,unchanged
course/jm-a2-3.html,4,footer,Update preferences,%UPDATELINK%,Update preferences,%UPDATELINK%,unchanged
course/jm-a2-3.html,5,footer,Privacy,https://www.frenchatelierlive.com/privacy.html,Privacy,https://www.frenchatelierlive.com/privacy.html,unchanged
course/jm-a3-1.html,1,primary CTA,Complete My Payment,https://www.frenchatelierlive.com/pricing.html?utm_source=activecampaign&utm_medium=email&utm_campaign=fa_abandoned_cart_no_payment&utm_content=jm-a3-1,Complete My Order,https://www.frenchatelierlive.com/pricing.html?utm_source=activecampaign&utm_medium=email&utm_campaign=fa_abandoned_cart_no_payment&utm_content=jm-a3-1#enroll-online,revised
course/jm-a3-1.html,2,primary CTA,Complete My Payment,https://www.frenchatelierlive.com/pricing.html?utm_source=activecampaign&utm_medium=email&utm_campaign=fa_abandoned_cart_no_payment&utm_content=jm-a3-1,Complete My Order,https://www.frenchatelierlive.com/pricing.html?utm_source=activecampaign&utm_medium=email&utm_campaign=fa_abandoned_cart_no_payment&utm_content=jm-a3-1#enroll-online,revised
course/jm-a3-1.html,3,footer,Unsubscribe,%UNSUBSCRIBELINK%,Unsubscribe,%UNSUBSCRIBELINK%,unchanged
course/jm-a3-1.html,4,footer,Update preferences,%UPDATELINK%,Update preferences,%UPDATELINK%,unchanged
course/jm-a3-1.html,5,footer,Privacy,https://www.frenchatelierlive.com/privacy.html,Privacy,https://www.frenchatelierlive.com/privacy.html,unchanged
course/jm-a3-2.html,1,primary CTA,Finish Checkout,https://www.frenchatelierlive.com/pricing.html?utm_source=activecampaign&utm_medium=email&utm_campaign=fa_abandoned_cart_no_payment&utm_content=jm-a3-2,Complete My Order,https://www.frenchatelierlive.com/pricing.html?utm_source=activecampaign&utm_medium=email&utm_campaign=fa_abandoned_cart_no_payment&utm_content=jm-a3-2#enroll-online,revised
course/jm-a3-2.html,2,primary CTA,Finish Checkout,https://www.frenchatelierlive.com/pricing.html?utm_source=activecampaign&utm_medium=email&utm_campaign=fa_abandoned_cart_no_payment&utm_content=jm-a3-2,Complete My Order,https://www.frenchatelierlive.com/pricing.html?utm_source=activecampaign&utm_medium=email&utm_campaign=fa_abandoned_cart_no_payment&utm_content=jm-a3-2#enroll-online,revised
course/jm-a3-2.html,3,footer,Unsubscribe,%UNSUBSCRIBELINK%,Unsubscribe,%UNSUBSCRIBELINK%,unchanged
course/jm-a3-2.html,4,footer,Update preferences,%UPDATELINK%,Update preferences,%UPDATELINK%,unchanged
course/jm-a3-2.html,5,footer,Privacy,https://www.frenchatelierlive.com/privacy.html,Privacy,https://www.frenchatelierlive.com/privacy.html,unchanged
course/jm-a3-3.html,1,primary CTA,Take My Seat Back,https://www.frenchatelierlive.com/pricing.html?utm_source=activecampaign&utm_medium=email&utm_campaign=fa_abandoned_cart_no_payment&utm_content=jm-a3-3,Complete My Order,https://www.frenchatelierlive.com/pricing.html?utm_source=activecampaign&utm_medium=email&utm_campaign=fa_abandoned_cart_no_payment&utm_content=jm-a3-3#enroll-online,revised
course/jm-a3-3.html,2,primary CTA,Take My Seat Back,https://www.frenchatelierlive.com/pricing.html?utm_source=activecampaign&utm_medium=email&utm_campaign=fa_abandoned_cart_no_payment&utm_content=jm-a3-3,Complete My Order,https://www.frenchatelierlive.com/pricing.html?utm_source=activecampaign&utm_medium=email&utm_campaign=fa_abandoned_cart_no_payment&utm_content=jm-a3-3#enroll-online,revised
course/jm-a3-3.html,3,footer,Unsubscribe,%UNSUBSCRIBELINK%,Unsubscribe,%UNSUBSCRIBELINK%,unchanged
course/jm-a3-3.html,4,footer,Update preferences,%UPDATELINK%,Update preferences,%UPDATELINK%,unchanged
course/jm-a3-3.html,5,footer,Privacy,https://www.frenchatelierlive.com/privacy.html,Privacy,https://www.frenchatelierlive.com/privacy.html,unchanged
course/jm-b1.html,1,primary CTA,Open My Zoom Link,{{zoom_link}},Open My Learning Platform,https://student.eteachergroup.com/?locale=en&utm_source=activecampaign&utm_medium=email&utm_campaign=fa_onboarding&utm_content=jm-b1,revised
course/jm-b1.html,2,primary CTA,Open My Zoom Link,{{zoom_link}},Explore The Culture Capsules,https://www.frenchatelierlive.com/capsules.html&utm_source=activecampaign&utm_medium=email&utm_campaign=fa_onboarding&utm_content=jm-b1,revised
course/jm-b1.html,3,footer,Unsubscribe,%UNSUBSCRIBELINK%,Unsubscribe,%UNSUBSCRIBELINK%,unchanged
course/jm-b1.html,4,footer,Update preferences,%UPDATELINK%,Update preferences,%UPDATELINK%,unchanged
course/jm-b1.html,5,footer,Privacy,https://www.frenchatelierlive.com/privacy.html,Privacy,https://www.frenchatelierlive.com/privacy.html,unchanged
course/jm-b2.html,1,primary CTA,Open My Zoom Link,{{zoom_link}},Open My Learning Platform,https://student.eteachergroup.com/?locale=en&utm_source=activecampaign&utm_medium=email&utm_campaign=fa_onboarding&utm_content=jm-b2,revised
course/jm-b2.html,2,primary CTA,Open My Zoom Link,{{zoom_link}},Explore The Culture Capsules,https://www.frenchatelierlive.com/capsules.html&utm_source=activecampaign&utm_medium=email&utm_campaign=fa_onboarding&utm_content=jm-b2,revised
course/jm-b2.html,3,footer,Unsubscribe,%UNSUBSCRIBELINK%,Unsubscribe,%UNSUBSCRIBELINK%,unchanged
course/jm-b2.html,4,footer,Update preferences,%UPDATELINK%,Update preferences,%UPDATELINK%,unchanged
course/jm-b2.html,5,footer,Privacy,https://www.frenchatelierlive.com/privacy.html,Privacy,https://www.frenchatelierlive.com/privacy.html,unchanged
course/jm-b3.html,1,primary CTA,Open My Zoom Link,{{zoom_link}},Open My Learning Platform,https://student.eteachergroup.com/?locale=en&utm_source=activecampaign&utm_medium=email&utm_campaign=fa_onboarding&utm_content=jm-b3,revised
course/jm-b3.html,2,primary CTA,Open My Zoom Link,{{zoom_link}},Open My Learning Platform,https://student.eteachergroup.com/?locale=en&utm_source=activecampaign&utm_medium=email&utm_campaign=fa_onboarding&utm_content=jm-b3,revised
course/jm-b3.html,3,footer,Unsubscribe,%UNSUBSCRIBELINK%,Unsubscribe,%UNSUBSCRIBELINK%,unchanged
course/jm-b3.html,4,footer,Update preferences,%UPDATELINK%,Update preferences,%UPDATELINK%,unchanged
course/jm-b3.html,5,footer,Privacy,https://www.frenchatelierlive.com/privacy.html,Privacy,https://www.frenchatelierlive.com/privacy.html,unchanged
course/jm-b4.html,1,primary CTA,Join The Session,{{zoom_link}},Open My Learning Platform,https://student.eteachergroup.com/?locale=en&utm_source=activecampaign&utm_medium=email&utm_campaign=fa_onboarding&utm_content=jm-b4,revised
course/jm-b4.html,2,primary CTA,Join The Session,{{zoom_link}},Open My Learning Platform,https://student.eteachergroup.com/?locale=en&utm_source=activecampaign&utm_medium=email&utm_campaign=fa_onboarding&utm_content=jm-b4,revised
course/jm-b4.html,3,footer,Unsubscribe,%UNSUBSCRIBELINK%,Unsubscribe,%UNSUBSCRIBELINK%,unchanged
course/jm-b4.html,4,footer,Update preferences,%UPDATELINK%,Update preferences,%UPDATELINK%,unchanged
course/jm-b4.html,5,footer,Privacy,https://www.frenchatelierlive.com/privacy.html,Privacy,https://www.frenchatelierlive.com/privacy.html,unchanged
course/jm-x1.html,1,primary CTA,See Session Details,https://www.frenchatelierlive.com/pricing.html?utm_source=activecampaign&utm_medium=email&utm_campaign=fa_no_show_buyers&utm_content=jm-x1,Open My Learning Platform,https://student.eteachergroup.com/?locale=en&utm_source=activecampaign&utm_medium=email&utm_campaign=fa_no_show&utm_content=jm-x1,revised
course/jm-x1.html,2,primary CTA,See Session Details,https://www.frenchatelierlive.com/pricing.html?utm_source=activecampaign&utm_medium=email&utm_campaign=fa_no_show_buyers&utm_content=jm-x1,Open My Learning Platform,https://student.eteachergroup.com/?locale=en&utm_source=activecampaign&utm_medium=email&utm_campaign=fa_no_show&utm_content=jm-x1,revised
course/jm-x1.html,3,footer,Unsubscribe,%UNSUBSCRIBELINK%,Unsubscribe,%UNSUBSCRIBELINK%,unchanged
course/jm-x1.html,4,footer,Update preferences,%UPDATELINK%,Update preferences,%UPDATELINK%,unchanged
course/jm-x1.html,5,footer,Privacy,https://www.frenchatelierlive.com/privacy.html,Privacy,https://www.frenchatelierlive.com/privacy.html,unchanged
course/jm-x2.html,1,primary CTA,Open My Zoom Link,{{zoom_link}},Open My Learning Platform,https://student.eteachergroup.com/?locale=en&utm_source=activecampaign&utm_medium=email&utm_campaign=fa_no_show&utm_content=jm-x2,revised
course/jm-x2.html,2,primary CTA,Open My Zoom Link,{{zoom_link}},Open My Learning Platform,https://student.eteachergroup.com/?locale=en&utm_source=activecampaign&utm_medium=email&utm_campaign=fa_no_show&utm_content=jm-x2,revised
course/jm-x2.html,3,footer,Unsubscribe,%UNSUBSCRIBELINK%,Unsubscribe,%UNSUBSCRIBELINK%,unchanged
course/jm-x2.html,4,footer,Update preferences,%UPDATELINK%,Update preferences,%UPDATELINK%,unchanged
course/jm-x2.html,5,footer,Privacy,https://www.frenchatelierlive.com/privacy.html,Privacy,https://www.frenchatelierlive.com/privacy.html,unchanged
course/jm-x3.html,1,primary CTA,Open My Zoom Link,{{zoom_link}},Open My Learning Platform,https://student.eteachergroup.com/?locale=en&utm_source=activecampaign&utm_medium=email&utm_campaign=fa_no_show&utm_content=jm-x3,revised
course/jm-x3.html,2,primary CTA,Open My Zoom Link,{{zoom_link}},Open My Learning Platform,https://student.eteachergroup.com/?locale=en&utm_source=activecampaign&utm_medium=email&utm_campaign=fa_no_show&utm_content=jm-x3,revised
course/jm-x3.html,3,footer,Unsubscribe,%UNSUBSCRIBELINK%,Unsubscribe,%UNSUBSCRIBELINK%,unchanged
course/jm-x3.html,4,footer,Update preferences,%UPDATELINK%,Update preferences,%UPDATELINK%,unchanged
course/jm-x3.html,5,footer,Privacy,https://www.frenchatelierlive.com/privacy.html,Privacy,https://www.frenchatelierlive.com/privacy.html,unchanged
vip-course/jm-a1-1.html,1,primary CTA,Finish My Registration,https://www.frenchatelierlive.com/pricing.html?utm_source=activecampaign&utm_medium=email&utm_campaign=fa_abandoned_cart_name_details&utm_content=jm-a1-1,Choose My Level,https://www.frenchatelierlive.com/pricing.html?utm_source=activecampaign&utm_medium=email&utm_campaign=fa_abandoned_cart_name_details&utm_content=jm-a1-1#enroll-online,revised
vip-course/jm-a1-1.html,2,primary CTA,Finish My Registration,https://www.frenchatelierlive.com/pricing.html?utm_source=activecampaign&utm_medium=email&utm_campaign=fa_abandoned_cart_name_details&utm_content=jm-a1-1,Choose My Level,https://www.frenchatelierlive.com/pricing.html?utm_source=activecampaign&utm_medium=email&utm_campaign=fa_abandoned_cart_name_details&utm_content=jm-a1-1#enroll-online,revised
vip-course/jm-a1-1.html,3,footer,Unsubscribe,%UNSUBSCRIBELINK%,Unsubscribe,%UNSUBSCRIBELINK%,unchanged
vip-course/jm-a1-1.html,4,footer,Update preferences,%UPDATELINK%,Update preferences,%UPDATELINK%,unchanged
vip-course/jm-a1-1.html,5,footer,Privacy,https://www.frenchatelierlive.com/privacy.html,Privacy,https://www.frenchatelierlive.com/privacy.html,unchanged
vip-course/jm-a1-2.html,1,primary CTA,Take My Seat,https://www.frenchatelierlive.com/pricing.html?utm_source=activecampaign&utm_medium=email&utm_campaign=fa_abandoned_cart_name_details&utm_content=jm-a1-2,Choose My Level,https://www.frenchatelierlive.com/pricing.html?utm_source=activecampaign&utm_medium=email&utm_campaign=fa_abandoned_cart_name_details&utm_content=jm-a1-2#enroll-online,revised
vip-course/jm-a1-2.html,2,primary CTA,Take My Seat,https://www.frenchatelierlive.com/pricing.html?utm_source=activecampaign&utm_medium=email&utm_campaign=fa_abandoned_cart_name_details&utm_content=jm-a1-2,Choose My Level,https://www.frenchatelierlive.com/pricing.html?utm_source=activecampaign&utm_medium=email&utm_campaign=fa_abandoned_cart_name_details&utm_content=jm-a1-2#enroll-online,revised
vip-course/jm-a1-2.html,3,footer,Unsubscribe,%UNSUBSCRIBELINK%,Unsubscribe,%UNSUBSCRIBELINK%,unchanged
vip-course/jm-a1-2.html,4,footer,Update preferences,%UPDATELINK%,Update preferences,%UPDATELINK%,unchanged
vip-course/jm-a1-2.html,5,footer,Privacy,https://www.frenchatelierlive.com/privacy.html,Privacy,https://www.frenchatelierlive.com/privacy.html,unchanged
vip-course/jm-a1-3.html,1,primary CTA,Complete My Registration,https://www.frenchatelierlive.com/pricing.html?utm_source=activecampaign&utm_medium=email&utm_campaign=fa_abandoned_cart_name_details&utm_content=jm-a1-3,Choose My Level,https://www.frenchatelierlive.com/pricing.html?utm_source=activecampaign&utm_medium=email&utm_campaign=fa_abandoned_cart_name_details&utm_content=jm-a1-3#enroll-online,revised
vip-course/jm-a1-3.html,2,primary CTA,Complete My Registration,https://www.frenchatelierlive.com/pricing.html?utm_source=activecampaign&utm_medium=email&utm_campaign=fa_abandoned_cart_name_details&utm_content=jm-a1-3,Choose My Level,https://www.frenchatelierlive.com/pricing.html?utm_source=activecampaign&utm_medium=email&utm_campaign=fa_abandoned_cart_name_details&utm_content=jm-a1-3#enroll-online,revised
vip-course/jm-a1-3.html,3,footer,Unsubscribe,%UNSUBSCRIBELINK%,Unsubscribe,%UNSUBSCRIBELINK%,unchanged
vip-course/jm-a1-3.html,4,footer,Update preferences,%UPDATELINK%,Update preferences,%UPDATELINK%,unchanged
vip-course/jm-a1-3.html,5,footer,Privacy,https://www.frenchatelierlive.com/privacy.html,Privacy,https://www.frenchatelierlive.com/privacy.html,unchanged
vip-course/jm-a2-1.html,1,primary CTA,Lock In My Date,https://www.frenchatelierlive.com/pricing.html?utm_source=activecampaign&utm_medium=email&utm_campaign=fa_abandoned_cart_course_details&utm_content=jm-a2-1,Finish My Booking,https://www.frenchatelierlive.com/pricing.html?utm_source=activecampaign&utm_medium=email&utm_campaign=fa_abandoned_cart_course_details&utm_content=jm-a2-1#enroll-online,revised
vip-course/jm-a2-1.html,2,primary CTA,Lock In My Date,https://www.frenchatelierlive.com/pricing.html?utm_source=activecampaign&utm_medium=email&utm_campaign=fa_abandoned_cart_course_details&utm_content=jm-a2-1,Finish My Booking,https://www.frenchatelierlive.com/pricing.html?utm_source=activecampaign&utm_medium=email&utm_campaign=fa_abandoned_cart_course_details&utm_content=jm-a2-1#enroll-online,revised
vip-course/jm-a2-1.html,3,footer,Unsubscribe,%UNSUBSCRIBELINK%,Unsubscribe,%UNSUBSCRIBELINK%,unchanged
vip-course/jm-a2-1.html,4,footer,Update preferences,%UPDATELINK%,Update preferences,%UPDATELINK%,unchanged
vip-course/jm-a2-1.html,5,footer,Privacy,https://www.frenchatelierlive.com/privacy.html,Privacy,https://www.frenchatelierlive.com/privacy.html,unchanged
vip-course/jm-a2-2.html,1,primary CTA,Secure My Seat,https://www.frenchatelierlive.com/pricing.html?utm_source=activecampaign&utm_medium=email&utm_campaign=fa_abandoned_cart_course_details&utm_content=jm-a2-2,Finish My Booking,https://www.frenchatelierlive.com/pricing.html?utm_source=activecampaign&utm_medium=email&utm_campaign=fa_abandoned_cart_course_details&utm_content=jm-a2-2#enroll-online,revised
vip-course/jm-a2-2.html,2,primary CTA,Secure My Seat,https://www.frenchatelierlive.com/pricing.html?utm_source=activecampaign&utm_medium=email&utm_campaign=fa_abandoned_cart_course_details&utm_content=jm-a2-2,Finish My Booking,https://www.frenchatelierlive.com/pricing.html?utm_source=activecampaign&utm_medium=email&utm_campaign=fa_abandoned_cart_course_details&utm_content=jm-a2-2#enroll-online,revised
vip-course/jm-a2-2.html,3,footer,Unsubscribe,%UNSUBSCRIBELINK%,Unsubscribe,%UNSUBSCRIBELINK%,unchanged
vip-course/jm-a2-2.html,4,footer,Update preferences,%UPDATELINK%,Update preferences,%UPDATELINK%,unchanged
vip-course/jm-a2-2.html,5,footer,Privacy,https://www.frenchatelierlive.com/privacy.html,Privacy,https://www.frenchatelierlive.com/privacy.html,unchanged
vip-course/jm-a2-3.html,1,primary CTA,Keep My Seat,https://www.frenchatelierlive.com/pricing.html?utm_source=activecampaign&utm_medium=email&utm_campaign=fa_abandoned_cart_course_details&utm_content=jm-a2-3,Finish My Booking,https://www.frenchatelierlive.com/pricing.html?utm_source=activecampaign&utm_medium=email&utm_campaign=fa_abandoned_cart_course_details&utm_content=jm-a2-3#enroll-online,revised
vip-course/jm-a2-3.html,2,primary CTA,Keep My Seat,https://www.frenchatelierlive.com/pricing.html?utm_source=activecampaign&utm_medium=email&utm_campaign=fa_abandoned_cart_course_details&utm_content=jm-a2-3,Finish My Booking,https://www.frenchatelierlive.com/pricing.html?utm_source=activecampaign&utm_medium=email&utm_campaign=fa_abandoned_cart_course_details&utm_content=jm-a2-3#enroll-online,revised
vip-course/jm-a2-3.html,3,footer,Unsubscribe,%UNSUBSCRIBELINK%,Unsubscribe,%UNSUBSCRIBELINK%,unchanged
vip-course/jm-a2-3.html,4,footer,Update preferences,%UPDATELINK%,Update preferences,%UPDATELINK%,unchanged
vip-course/jm-a2-3.html,5,footer,Privacy,https://www.frenchatelierlive.com/privacy.html,Privacy,https://www.frenchatelierlive.com/privacy.html,unchanged
vip-course/jm-a3-1.html,1,primary CTA,Complete My Payment,https://www.frenchatelierlive.com/pricing.html?utm_source=activecampaign&utm_medium=email&utm_campaign=fa_abandoned_cart_no_payment&utm_content=jm-a3-1,Complete My Order,https://www.frenchatelierlive.com/pricing.html?utm_source=activecampaign&utm_medium=email&utm_campaign=fa_abandoned_cart_no_payment&utm_content=jm-a3-1#enroll-online,revised
vip-course/jm-a3-1.html,2,primary CTA,Complete My Payment,https://www.frenchatelierlive.com/pricing.html?utm_source=activecampaign&utm_medium=email&utm_campaign=fa_abandoned_cart_no_payment&utm_content=jm-a3-1,Complete My Order,https://www.frenchatelierlive.com/pricing.html?utm_source=activecampaign&utm_medium=email&utm_campaign=fa_abandoned_cart_no_payment&utm_content=jm-a3-1#enroll-online,revised
vip-course/jm-a3-1.html,3,footer,Unsubscribe,%UNSUBSCRIBELINK%,Unsubscribe,%UNSUBSCRIBELINK%,unchanged
vip-course/jm-a3-1.html,4,footer,Update preferences,%UPDATELINK%,Update preferences,%UPDATELINK%,unchanged
vip-course/jm-a3-1.html,5,footer,Privacy,https://www.frenchatelierlive.com/privacy.html,Privacy,https://www.frenchatelierlive.com/privacy.html,unchanged
vip-course/jm-a3-2.html,1,primary CTA,Finish Checkout,https://www.frenchatelierlive.com/pricing.html?utm_source=activecampaign&utm_medium=email&utm_campaign=fa_abandoned_cart_no_payment&utm_content=jm-a3-2,Complete My Order,https://www.frenchatelierlive.com/pricing.html?utm_source=activecampaign&utm_medium=email&utm_campaign=fa_abandoned_cart_no_payment&utm_content=jm-a3-2#enroll-online,revised
vip-course/jm-a3-2.html,2,primary CTA,Finish Checkout,https://www.frenchatelierlive.com/pricing.html?utm_source=activecampaign&utm_medium=email&utm_campaign=fa_abandoned_cart_no_payment&utm_content=jm-a3-2,Complete My Order,https://www.frenchatelierlive.com/pricing.html?utm_source=activecampaign&utm_medium=email&utm_campaign=fa_abandoned_cart_no_payment&utm_content=jm-a3-2#enroll-online,revised
vip-course/jm-a3-2.html,3,footer,Unsubscribe,%UNSUBSCRIBELINK%,Unsubscribe,%UNSUBSCRIBELINK%,unchanged
vip-course/jm-a3-2.html,4,footer,Update preferences,%UPDATELINK%,Update preferences,%UPDATELINK%,unchanged
vip-course/jm-a3-2.html,5,footer,Privacy,https://www.frenchatelierlive.com/privacy.html,Privacy,https://www.frenchatelierlive.com/privacy.html,unchanged
vip-course/jm-a3-3.html,1,primary CTA,Take My Seat Back,https://www.frenchatelierlive.com/pricing.html?utm_source=activecampaign&utm_medium=email&utm_campaign=fa_abandoned_cart_no_payment&utm_content=jm-a3-3,Complete My Order,https://www.frenchatelierlive.com/pricing.html?utm_source=activecampaign&utm_medium=email&utm_campaign=fa_abandoned_cart_no_payment&utm_content=jm-a3-3#enroll-online,revised
vip-course/jm-a3-3.html,2,primary CTA,Take My Seat Back,https://www.frenchatelierlive.com/pricing.html?utm_source=activecampaign&utm_medium=email&utm_campaign=fa_abandoned_cart_no_payment&utm_content=jm-a3-3,Complete My Order,https://www.frenchatelierlive.com/pricing.html?utm_source=activecampaign&utm_medium=email&utm_campaign=fa_abandoned_cart_no_payment&utm_content=jm-a3-3#enroll-online,revised
vip-course/jm-a3-3.html,3,footer,Unsubscribe,%UNSUBSCRIBELINK%,Unsubscribe,%UNSUBSCRIBELINK%,unchanged
vip-course/jm-a3-3.html,4,footer,Update preferences,%UPDATELINK%,Update preferences,%UPDATELINK%,unchanged
vip-course/jm-a3-3.html,5,footer,Privacy,https://www.frenchatelierlive.com/privacy.html,Privacy,https://www.frenchatelierlive.com/privacy.html,unchanged
vip-course/jm-b1.html,1,primary CTA,Open My Zoom Link,{{zoom_link}},Open My Learning Platform,https://student.eteachergroup.com/?locale=en&utm_source=activecampaign&utm_medium=email&utm_campaign=fa_onboarding&utm_content=jm-b1,revised
vip-course/jm-b1.html,2,primary CTA,Open My Zoom Link,{{zoom_link}},Use My $249 Blueprint Credit,https://www.frenchatelierlive.com/capsules.html&code=CAPSULE20&utm_source=activecampaign&utm_medium=email&utm_campaign=fa_onboarding&utm_content=jm-b1,revised
vip-course/jm-b1.html,3,footer,Unsubscribe,%UNSUBSCRIBELINK%,Unsubscribe,%UNSUBSCRIBELINK%,unchanged
vip-course/jm-b1.html,4,footer,Update preferences,%UPDATELINK%,Update preferences,%UPDATELINK%,unchanged
vip-course/jm-b1.html,5,footer,Privacy,https://www.frenchatelierlive.com/privacy.html,Privacy,https://www.frenchatelierlive.com/privacy.html,unchanged
vip-course/jm-b2.html,1,primary CTA,Open My Zoom Link,{{zoom_link}},Open My Learning Platform,https://student.eteachergroup.com/?locale=en&utm_source=activecampaign&utm_medium=email&utm_campaign=fa_onboarding&utm_content=jm-b2,revised
vip-course/jm-b2.html,2,primary CTA,Open My Zoom Link,{{zoom_link}},Use My $249 Blueprint Credit,https://www.frenchatelierlive.com/capsules.html&code=CAPSULE20&utm_source=activecampaign&utm_medium=email&utm_campaign=fa_onboarding&utm_content=jm-b2,revised
vip-course/jm-b2.html,3,footer,Unsubscribe,%UNSUBSCRIBELINK%,Unsubscribe,%UNSUBSCRIBELINK%,unchanged
vip-course/jm-b2.html,4,footer,Update preferences,%UPDATELINK%,Update preferences,%UPDATELINK%,unchanged
vip-course/jm-b2.html,5,footer,Privacy,https://www.frenchatelierlive.com/privacy.html,Privacy,https://www.frenchatelierlive.com/privacy.html,unchanged
vip-course/jm-b3.html,1,primary CTA,Open My Zoom Link,{{zoom_link}},Open My Learning Platform,https://student.eteachergroup.com/?locale=en&utm_source=activecampaign&utm_medium=email&utm_campaign=fa_onboarding&utm_content=jm-b3,revised
vip-course/jm-b3.html,2,primary CTA,Open My Zoom Link,{{zoom_link}},Open My Learning Platform,https://student.eteachergroup.com/?locale=en&utm_source=activecampaign&utm_medium=email&utm_campaign=fa_onboarding&utm_content=jm-b3,revised
vip-course/jm-b3.html,3,footer,Unsubscribe,%UNSUBSCRIBELINK%,Unsubscribe,%UNSUBSCRIBELINK%,unchanged
vip-course/jm-b3.html,4,footer,Update preferences,%UPDATELINK%,Update preferences,%UPDATELINK%,unchanged
vip-course/jm-b3.html,5,footer,Privacy,https://www.frenchatelierlive.com/privacy.html,Privacy,https://www.frenchatelierlive.com/privacy.html,unchanged
vip-course/jm-b4.html,1,primary CTA,Join The Session,{{zoom_link}},Open My Learning Platform,https://student.eteachergroup.com/?locale=en&utm_source=activecampaign&utm_medium=email&utm_campaign=fa_onboarding&utm_content=jm-b4,revised
vip-course/jm-b4.html,2,primary CTA,Join The Session,{{zoom_link}},Open My Learning Platform,https://student.eteachergroup.com/?locale=en&utm_source=activecampaign&utm_medium=email&utm_campaign=fa_onboarding&utm_content=jm-b4,revised
vip-course/jm-b4.html,3,footer,Unsubscribe,%UNSUBSCRIBELINK%,Unsubscribe,%UNSUBSCRIBELINK%,unchanged
vip-course/jm-b4.html,4,footer,Update preferences,%UPDATELINK%,Update preferences,%UPDATELINK%,unchanged
vip-course/jm-b4.html,5,footer,Privacy,https://www.frenchatelierlive.com/privacy.html,Privacy,https://www.frenchatelierlive.com/privacy.html,unchanged
vip-course/jm-u1.html,1,primary CTA,See The Blueprint,https://www.frenchatelierlive.com/pricing.html?utm_source=activecampaign&utm_medium=email&utm_campaign=fa_onboarding&utm_content=jm-u1,See The Blueprint,https://www.frenchatelierlive.com/capsules.html&code=CAPSULE20&utm_source=activecampaign&utm_medium=email&utm_campaign=fa_onboarding&utm_content=jm-u1,revised
vip-course/jm-u1.html,2,primary CTA,See The Blueprint,https://www.frenchatelierlive.com/pricing.html?utm_source=activecampaign&utm_medium=email&utm_campaign=fa_onboarding&utm_content=jm-u1,See The Blueprint,https://www.frenchatelierlive.com/capsules.html&code=CAPSULE20&utm_source=activecampaign&utm_medium=email&utm_campaign=fa_onboarding&utm_content=jm-u1,revised
vip-course/jm-u1.html,3,footer,Unsubscribe,%UNSUBSCRIBELINK%,Unsubscribe,%UNSUBSCRIBELINK%,unchanged
vip-course/jm-u1.html,4,footer,Update preferences,%UPDATELINK%,Update preferences,%UPDATELINK%,unchanged
vip-course/jm-u1.html,5,footer,Privacy,https://www.frenchatelierlive.com/privacy.html,Privacy,https://www.frenchatelierlive.com/privacy.html,unchanged
vip-course/jm-u2.html,1,primary CTA,Explore The Full Course,https://www.frenchatelierlive.com/pricing.html?utm_source=activecampaign&utm_medium=email&utm_campaign=fa_onboarding&utm_content=jm-u2,Explore The Full Course,https://www.frenchatelierlive.com/capsules.html&code=CAPSULE20&utm_source=activecampaign&utm_medium=email&utm_campaign=fa_onboarding&utm_content=jm-u2,revised
vip-course/jm-u2.html,2,primary CTA,Explore The Full Course,https://www.frenchatelierlive.com/pricing.html?utm_source=activecampaign&utm_medium=email&utm_campaign=fa_onboarding&utm_content=jm-u2,Explore The Full Course,https://www.frenchatelierlive.com/capsules.html&code=CAPSULE20&utm_source=activecampaign&utm_medium=email&utm_campaign=fa_onboarding&utm_content=jm-u2,revised
vip-course/jm-u2.html,3,footer,Unsubscribe,%UNSUBSCRIBELINK%,Unsubscribe,%UNSUBSCRIBELINK%,unchanged
vip-course/jm-u2.html,4,footer,Update preferences,%UPDATELINK%,Update preferences,%UPDATELINK%,unchanged
vip-course/jm-u2.html,5,footer,Privacy,https://www.frenchatelierlive.com/privacy.html,Privacy,https://www.frenchatelierlive.com/privacy.html,unchanged
vip-course/jm-u3.html,1,primary CTA,Use My $200 Credit,https://www.frenchatelierlive.com/pricing.html?utm_source=activecampaign&utm_medium=email&utm_campaign=fa_onboarding&utm_content=jm-u3,Use My $249 Credit,https://www.frenchatelierlive.com/capsules.html&code=CAPSULE20&utm_source=activecampaign&utm_medium=email&utm_campaign=fa_onboarding&utm_content=jm-u3,revised
vip-course/jm-u3.html,2,primary CTA,Use My $200 Credit,https://www.frenchatelierlive.com/pricing.html?utm_source=activecampaign&utm_medium=email&utm_campaign=fa_onboarding&utm_content=jm-u3,Use My $249 Credit,https://www.frenchatelierlive.com/capsules.html&code=CAPSULE20&utm_source=activecampaign&utm_medium=email&utm_campaign=fa_onboarding&utm_content=jm-u3,revised
vip-course/jm-u3.html,3,footer,Unsubscribe,%UNSUBSCRIBELINK%,Unsubscribe,%UNSUBSCRIBELINK%,unchanged
vip-course/jm-u3.html,4,footer,Update preferences,%UPDATELINK%,Update preferences,%UPDATELINK%,unchanged
vip-course/jm-u3.html,5,footer,Privacy,https://www.frenchatelierlive.com/privacy.html,Privacy,https://www.frenchatelierlive.com/privacy.html,unchanged
vip-course/jm-u4.html,1,primary CTA,Enroll With My Credit,https://www.frenchatelierlive.com/pricing.html?utm_source=activecampaign&utm_medium=email&utm_campaign=fa_onboarding&utm_content=jm-u4,Enroll With My Credit,https://www.frenchatelierlive.com/capsules.html&code=CAPSULE20&utm_source=activecampaign&utm_medium=email&utm_campaign=fa_onboarding&utm_content=jm-u4,revised
vip-course/jm-u4.html,2,primary CTA,Enroll With My Credit,https://www.frenchatelierlive.com/pricing.html?utm_source=activecampaign&utm_medium=email&utm_campaign=fa_onboarding&utm_content=jm-u4,Enroll With My Credit,https://www.frenchatelierlive.com/capsules.html&code=CAPSULE20&utm_source=activecampaign&utm_medium=email&utm_campaign=fa_onboarding&utm_content=jm-u4,revised
vip-course/jm-u4.html,3,footer,Unsubscribe,%UNSUBSCRIBELINK%,Unsubscribe,%UNSUBSCRIBELINK%,unchanged
vip-course/jm-u4.html,4,footer,Update preferences,%UPDATELINK%,Update preferences,%UPDATELINK%,unchanged
vip-course/jm-u4.html,5,footer,Privacy,https://www.frenchatelierlive.com/privacy.html,Privacy,https://www.frenchatelierlive.com/privacy.html,unchanged
vip-course/jm-x1.html,1,primary CTA,See Session Details,https://www.frenchatelierlive.com/pricing.html?utm_source=activecampaign&utm_medium=email&utm_campaign=fa_no_show_buyers&utm_content=jm-x1,Open My Learning Platform,https://student.eteachergroup.com/?locale=en&utm_source=activecampaign&utm_medium=email&utm_campaign=fa_no_show&utm_content=jm-x1,revised
vip-course/jm-x1.html,2,primary CTA,See Session Details,https://www.frenchatelierlive.com/pricing.html?utm_source=activecampaign&utm_medium=email&utm_campaign=fa_no_show_buyers&utm_content=jm-x1,Open My Learning Platform,https://student.eteachergroup.com/?locale=en&utm_source=activecampaign&utm_medium=email&utm_campaign=fa_no_show&utm_content=jm-x1,revised
vip-course/jm-x1.html,3,footer,Unsubscribe,%UNSUBSCRIBELINK%,Unsubscribe,%UNSUBSCRIBELINK%,unchanged
vip-course/jm-x1.html,4,footer,Update preferences,%UPDATELINK%,Update preferences,%UPDATELINK%,unchanged
vip-course/jm-x1.html,5,footer,Privacy,https://www.frenchatelierlive.com/privacy.html,Privacy,https://www.frenchatelierlive.com/privacy.html,unchanged
vip-course/jm-x2.html,1,primary CTA,Open My Zoom Link,{{zoom_link}},Open My Learning Platform,https://student.eteachergroup.com/?locale=en&utm_source=activecampaign&utm_medium=email&utm_campaign=fa_no_show&utm_content=jm-x2,revised
vip-course/jm-x2.html,2,primary CTA,Open My Zoom Link,{{zoom_link}},Open My Learning Platform,https://student.eteachergroup.com/?locale=en&utm_source=activecampaign&utm_medium=email&utm_campaign=fa_no_show&utm_content=jm-x2,revised
vip-course/jm-x2.html,3,footer,Unsubscribe,%UNSUBSCRIBELINK%,Unsubscribe,%UNSUBSCRIBELINK%,unchanged
vip-course/jm-x2.html,4,footer,Update preferences,%UPDATELINK%,Update preferences,%UPDATELINK%,unchanged
vip-course/jm-x2.html,5,footer,Privacy,https://www.frenchatelierlive.com/privacy.html,Privacy,https://www.frenchatelierlive.com/privacy.html,unchanged
vip-course/jm-x3.html,1,primary CTA,Open My Zoom Link,{{zoom_link}},Open My Learning Platform,https://student.eteachergroup.com/?locale=en&utm_source=activecampaign&utm_medium=email&utm_campaign=fa_no_show&utm_content=jm-x3,revised
vip-course/jm-x3.html,2,primary CTA,Open My Zoom Link,{{zoom_link}},Open My Learning Platform,https://student.eteachergroup.com/?locale=en&utm_source=activecampaign&utm_medium=email&utm_campaign=fa_no_show&utm_content=jm-x3,revised
vip-course/jm-x3.html,3,footer,Unsubscribe,%UNSUBSCRIBELINK%,Unsubscribe,%UNSUBSCRIBELINK%,unchanged
vip-course/jm-x3.html,4,footer,Update preferences,%UPDATELINK%,Update preferences,%UPDATELINK%,unchanged
vip-course/jm-x3.html,5,footer,Privacy,https://www.frenchatelierlive.com/privacy.html,Privacy,https://www.frenchatelierlive.com/privacy.html,unchanged
